instance_id,similarity,difference_score,question,answer,problem_statement
astropy__astropy-14309,0.822379354595658,0.17762064540434197,"Sure, let's start by gathering the necessary details to address the issue.

Could you please provide the following information:
1. The specific commit hash that introduced the change leading to the `IndexError`.
2. The exact line of code in the `identify_format` function where the `IndexError` occurs.
3. A sample file path that triggers the `IndexError` when passed to the `identify_format` function.
4. Any additional context or details about the expected behavior of the `identify_format` function before and after the change.

This information will help me understand the issue better and make the necessary changes.","1. The specific commit hash that introduced the change leading to the `IndexError` is `2a0c5c6f5b982a76615c544854cd6e7d35c67c7f`.

2. The `IndexError` occurs at this line in the `identify_format` function: `return isinstance(args[0], (HDUList, TableHDU, BinTableHDU, GroupsHDU))`.

3. A sample file path that triggers the `IndexError` is `""bububu.ecsv""` (any string that does not have a recognized FITS extension).

4. Before the change, the behavior of the `identify_format` function returned `None` for file paths without recognized extensions. After the change, it attempts to execute `isinstance(args[0], ...)`, which leads to the `IndexError` if `args` is empty. The expected behavior is for it to safely handle file paths without recognized extensions without raising an error.","A recent change in the codebase has led to an `IndexError` when using the `identify_format` function in the `io.registry` module. This error occurs when the function attempts to access an element in a tuple that is out of range, particularly when a file path without a specific extension is provided. The issue seems to be linked to a specific commit that altered the behavior of the function, causing it to execute a type check that results in the error."
django__django-11099,0.8857727105898616,0.11422728941013838,"Sure, let's start by gathering the necessary details to address the issue.

1. Could you please provide the path to the file that contains the username validation logic?
2. What is the current regular expression pattern that is being used for username validation?
3. Could you provide an example of a username that currently passes validation but should not, due to ending with a newline character?

These details will help me make the necessary changes accurately.","1. The path to the file that contains the username validation logic is `django/contrib/auth/validators.py`.
2. The current regular expression pattern being used for username validation is `r'^[\w.@+-]+$'`.
3. An example of a username that currently passes validation but should not is `username\n`.","There is an issue with the username validation logic where the current regular expression allows usernames to end with a newline character, which is unintended. This is due to the behavior of the regex pattern used. A suggestion is made to modify the regex to prevent this by using different anchors. The issue involves updating the validation pattern to ensure usernames do not end with a newline."
django__django-12125,0.9074849149026738,0.0925150850973262,"Sure, let's start by gathering the necessary details to address the issue. Here are my questions:

1. Could you provide an example of a Django model that uses an inner class for a custom field, and how the incorrect migration file is generated?
2. What is the expected format of the migration file for the custom field defined as an inner class?
3. Are there any specific files or modules in the Django codebase that you think are relevant to this issue?
4. Are there any specific error messages or logs that you encounter when running `makemigrations` with the inner class custom field?

Please provide the answers to these questions so I can proceed with the necessary changes.","1. An example of a Django model that uses an inner class for a custom field is as follows:
   ```python
   class Outer(object):
       class Inner(models.CharField):
           pass

   class A(models.Model):
       field = Outer.Inner(max_length=20)
   ```
   The incorrect migration file generated after running `makemigrations` looks like this:
   ```python
   migrations.CreateModel(
       name='A',
       fields=[
           ('id', models.AutoField(auto_created=True, primary_key=True, serialize=False, verbose_name='ID')),
           ('field', test1.models.Inner(max_length=20)),
       ],
   )
   ```

2. The expected format of the migration file for the custom field defined as an inner class should be:
   ```python
   migrations.CreateModel(
       name='A',
       fields=[
           ('id', models.AutoField(auto_created=True, primary_key=True, serialize=False, verbose_name='ID')),
           ('field', test1.models.Outer.Inner(max_length=20)),
       ],
   )
   ```

3. Relevant files or modules in the Django codebase for this issue include `django/db/migrations/serializer.py`, specifically around the handling of nested classes and the serialization process.

4. There are no specific error messages encountered, but the generated migration file incorrectly references the inner class as `test1.models.Inner`, which leads to confusion since it should be `test1.models.Outer.Inner`.","There is an issue with Django's `makemigrations` command where it incorrectly generates migration files for models using inner classes. Specifically, when a custom field is defined as an inner class and used in a Django model, the migration file references the inner class as if it were a top-level class, leading to incorrect paths in the generated code. This problem affects the correct identification of the class hierarchy in the migration files."
django__django-12193,0.9958924336186696,0.004107566381330363,"Sure, let's start by gathering the necessary details to address the issue. Here are my questions:

1. Could you please specify the exact file and function where the `SplitArrayField` and `BooleanField` are being used?
2. Can you provide a snippet of the code that demonstrates the incorrect behavior you are describing?
3. Are there any specific attributes or methods in the `CheckboxInput` widget that are being modified and causing the issue?
4. Do you have any specific examples of the data array that causes the problem?

Please provide the answers to these questions so I can proceed with the necessary changes.",I don't have that information.,"There is an issue with the SplitArrayField when using BooleanField, where widgets are incorrectly marked as checked after encountering the first True value in the data array. This behavior is due to the CheckboxInput widget modifying the attributes dictionary, leading to subsequent widgets being checked regardless of their actual data values."
django__django-12193,0.9958924336186696,0.004107566381330363,"Understood. Let's try to gather more specific information to help identify the issue:

1. Could you please specify the file where the `SplitArrayField` is defined?
2. Can you provide a brief description of how the `SplitArrayField` is being used in the codebase?
3. Are there any specific methods or attributes in the `CheckboxInput` widget that you suspect might be causing the issue?
4. Do you have any examples of the data array that causes the problem, even if you don't have the exact code snippet?

This information will help me narrow down the location and nature of the issue.",I don't have that information.,"There is an issue with the SplitArrayField when using BooleanField, where widgets are incorrectly marked as checked after encountering the first True value in the data array. This behavior is due to the CheckboxInput widget modifying the attributes dictionary, leading to subsequent widgets being checked regardless of their actual data values."
django__django-12209,0.9488602491441266,0.05113975085587341,"Sure, let's start by gathering the necessary details to address the issue. Here are my questions:

1. Could you please provide the specific Django ticket number that this issue is linked to, if available?
2. Can you describe the exact behavior you are observing with the primary key field having a default value in Django","1. The issue is linked to Django ticket number [#29260](https://code.djangoproject.com/ticket/29260).

2. In Django 3.0, when saving a model instance with an explicit primary key value, it results in two INSERT operations, which fails on the second due to a primary key conflict. This behavior differs from Django 2.2 and earlier, where it would perform an INSERT followed by an UPDATE.","There is a change in behavior when saving a model instance with an explicit primary key value in Django 3.0 compared to earlier versions. This issue arises when the primary key field has a default value, leading to unexpected database operations. The change affects how data is loaded when using fixtures with explicit primary key values, potentially causing errors. The problem may be linked to a specific Django ticket and raises concerns about backward compatibility."
django__django-12325,0.8657944919720184,0.1342055080279816,"Sure, let's start by gathering the necessary details to address the issue. Could you please provide the following information:

1. The specific model in which the `OneToOneField` references are causing confusion.
2. The exact error message you are encountering.
3. The current order of the `OneToOneField` declarations in the model.
4. Any specific fields or configurations that you believe are relevant to the issue.
5. The Django version you are using, as this might affect the behavior.

This information will help me understand the problem better and make the necessary changes.","1. The specific model is `Picking`, which has `OneToOneField` references to `Document`.
2. The exact error message is: ""Add parent_link=True to appname.Picking.origin.""
3. The current order of the `OneToOneField` declarations is:
   ```python
   document_ptr = models.OneToOneField(Document, on_delete=models.CASCADE, parent_link=True, related_name='+')
   origin = models.OneToOneField(Document, related_name='picking', on_delete=models.PROTECT)
   ```
4. The issue seems to arise from having multiple `OneToOneField` references to the same model (`Document`) in the `Picking` class.
5. I am using Django version 3.2. 

I hope this helps clarify the problem!","The issue involves a Django model configuration where multiple OneToOneField references in a model are causing confusion in the setup of parent-child relationships. The problem arises from the order of field declarations affecting the behavior, leading to an ImproperlyConfigured error. The user questions whether the order should matter and suggests that the explicit use of a parent_link should dictate the relationship setup, similar to other Django components."
django__django-13112,0.7835413455663938,0.21645865443360623,"Sure, let's start by gathering the necessary details to address the issue. Could you please provide the following information:

1. The exact error message you are encountering during the migration process.
2. The specific model and ForeignKey definition that is causing the issue.
3. The name of the app with the mixed-case name and the exact name used in the ForeignKey reference.
4. Any relevant parts of the migration file that are causing the issue.
5. The Django version where this issue started occurring.

This information will help me understand the problem better and make the necessary changes.","1. The exact error message I am encountering during the migration process is: `ValueError: The field DJ_RegLogin.Content.category was declared with a lazy reference to 'dj_reglogin.category', but app 'dj_reglogin' isn't installed.`

2. The specific model and ForeignKey definition that is causing the issue are:
   ```python
   category = models.ForeignKey(Category, on_delete=models.CASCADE)
   ```

3. The name of the app with the mixed-case name is `DJ_RegLogin`, and the exact name used in the ForeignKey reference is `dj_reglogin`.

4. I don't have that information.

5. This issue started occurring with Django version 3.1b1.","There is an issue with Django's migration process when using a ForeignKey in a model that references an app with a mixed-case name. The problem arises during the migration command, where Django fails to recognize the app due to case sensitivity, leading to an error about an uninstalled app. This issue did not occur in a previous version of Django, indicating a potential regression or change in behavior in the newer version."
django__django-13315,0.9948746827316074,0.005125317268392604,"Sure, let's start by gathering the necessary details to address the issue. Could you please provide the following information:

1. The specific file and line number where the ForeignKey field with the problematic Q object is defined.
2. The exact Q object that is causing the issue.
3. Any additional context or details about the models involved in the join operation.
4. The expected behavior versus the current behavior.

This information will help me understand the problem better and make the necessary changes.",I don't have that information.,"There is a problem with the use of a Q object in the limit_choices_to parameter of a ForeignKey field, which can result in duplicate options appearing in a form. This issue arises when the Q object involves a join operation."
django__django-13315,0.9948746827316074,0.005125317268392604,"Understood. Let's try to gather the necessary details step by step. Could you please provide the following information:

1. The name of the app or module where the ForeignKey field with the problematic Q object is defined.
2. The name of the model that contains the ForeignKey field.
3. Any additional context or details about the models involved in the join operation.
4. The expected behavior versus the current behavior.

This will help me narrow down the location of the issue and gather more specific details.",I don't have that information.,"There is a problem with the use of a Q object in the limit_choices_to parameter of a ForeignKey field, which can result in duplicate options appearing in a form. This issue arises when the Q object involves a join operation."
django__django-13315,0.9948674052257084,0.005132594774291621,"Alright, let's try to gather the necessary details in a more general way. Could you please provide the following information:

1. The name of the app or module where the ForeignKey field with the problematic Q object is defined.
2. The name of the model that contains the ForeignKey field.
3. The name of the related model that is being joined.
4. The field names involved in the join operation.
5. The expected behavior versus the current behavior.

This will help me narrow down the location of the issue and gather more specific details.",I don't have that information.,"There is a problem with the use of a Q object in the limit_choices_to parameter of a ForeignKey field, which can result in duplicate options appearing in a form. This issue arises when the Q object involves a join operation."
django__django-13807,0.928019921824232,0.07198007817576801,"Sure, let's start by gathering the necessary details to address the issue. Here are my questions:

1. Which specific versions of Django and SQLite are affected by this issue?
2. Can you provide an example of a SQL reserved keyword that causes the crash when used as a table name?
3. Are there any specific configurations or settings in Django that need to be considered for this issue?","1. The issue is confirmed in Django versions 3.1.0 and 3.1.2.

2. The SQL reserved keyword that causes the crash when used as a table name is ""order.""

3. There are no specific configurations or settings that need to be considered for this issue; it arises from the use of a SQL reserved keyword as a table name and how it's handled in the code.","The issue involves a crash occurring when using the `loaddata` command in Django with SQLite, specifically when table names are SQL reserved keywords. This results in a syntax error due to improper quoting of table names in SQL statements, particularly affecting the `PRAGMA foreign_key_check` command. The problem is confirmed in certain versions of Django."
django__django-13837,0.861386511229566,0.138613488770434,"Sure, let's start by gathering the necessary details to address the issue. Here are my questions:

1. Can you provide more details about the current limitations in the `runserver` autoreload functionality that you are trying to address?
2. What specific changes or modifications are you proposing to leverage Python's standard module specification properties?
3. Are there any specific Python environments or scenarios where the current implementation fails to detect modules launched with the `-m` flag?
4. Can you provide an example of a Python module other than `django` that you would like to be supported with the `runserver` autoreload functionality?
5. Are there any specific files or modules in the Django repository that you believe need to be modified to implement this change?

Please provide answers to these questions so I can proceed with the necessary changes.","1. The current limitation is that `django.utils.autoreload.get_child_arguments` only detects if Python was launched specifically with `-m django`. This prevents autoreloading from working when we're running a different module with `-m` that overrides Django’s management command for `runserver`.

2. The proposed change is to use the `__main__.__spec__.parent` check to determine if Python was launched with `-m pkg`. This approach is documented and helps avoid reliance on the `__file__` attribute, which is not consistently available in all environments.

3. Yes, the current implementation fails in environments that do not set `__file__` on modules, which can occur in certain Python configurations.

4. An example of a Python module could be something like `mycustomapp`, where you might want to override the default runserver command with your own implementation.

5. The specific file that needs modification is `django/utils/autoreload.py`, particularly in the `get_child_arguments` function where the detection logic is implemented.",This issue addresses enhancing Django's `runserver` autoreload functionality to support Python modules other than `django` launched with the `-m` flag. It identifies limitations in the current implementation related to detecting modules in certain Python environments and proposes an approach leveraging Python's standard module specification properties.
django__django-14559,0.7194067759991521,0.28059322400084785,"Sure, let's start by gathering the necessary details to address the issue. Could you please provide the following information:

1. The names of the two functions that are being compared.
2. The specific file(s) where these functions are located.
3. Any specific parameters or arguments that these functions take.
4. The exact discrepancy in the return values that you are trying to resolve.
5. Any additional context or details that might be relevant to understanding the issue.

This will help me understand the problem better and proceed with the necessary changes.","1. The two functions being compared are `bulk_update()` and `update()`.
2. These functions are located in the file `django/db/models/query.py`.
3. The `update()` function takes parameters for filtering query results and the updates to be applied, while `bulk_update()` takes a list of objects and a list of fields to update.
4. The discrepancy is that `update()` returns the number of rows matched, whereas `bulk_update()` currently returns `None`.
5. It would be beneficial for `bulk_update()` to return the number of rows matched, similar to `update()`, to improve consistency and usability in handling batch updates.","The issue highlights a discrepancy in the return values of two functions, where one function provides feedback on the number of rows affected, while the other does not. The suggestion is to enhance the latter function to include similar feedback, as it internally utilizes the former function."
django__django-15572,0.9299608403913513,0.0700391596086487,"Sure, let's start by gathering the necessary details to address the issue. Here are my questions:

1. Could you please specify which file or files in the repository are responsible for handling the template directories and the autoreload feature?
2. Can you provide a minimal example of the configuration that causes the autoreload feature to malfunction?
3. Are there any specific error messages or logs that you encounter when the autoreload feature is not functioning as expected?
4. Are there any particular Django settings or configurations that need to be considered when making these changes?

Please provide the answers to these questions so I can proceed with the necessary modifications.","1. The file responsible for handling the autoreload feature related to template directories is `django/template/autoreload.py`.

2. A minimal example of the configuration that causes the autoreload feature to malfunction is:
   ```python
   ""DIRS"": os.getenv(""TEMPLATES_DIRS"", """").split("","")  # This returns ['']
   ```

3. I don't have that information.

4. I don't have that information.","In Django versions later than 3.2.3, a change in how template directories are processed can cause the autoreload feature to malfunction if an empty string is present in the template directories configuration. This issue arises due to the normalization of paths, which affects the detection of changes in templates, leading to autoreload not functioning as expected."
django__django-16100,0.8725173367043788,0.1274826632956212,"Sure, let's start by gathering the necessary details to address the issue.

1. Could you please specify the name of the Django admin view that lacks transaction handling?
2. Are there any specific operations or data modifications happening in this view that you are concerned about?
3. Do you have any specific error messages or scenarios that demonstrate the inconsistent database states you are trying to prevent?
4. Are there any particular models or database tables involved in this view that need to be considered for transaction management?
5. Are there any existing functions or utilities in the repository that you recommend using for transaction management, or should I use Django's built-in transaction management tools?

Please provide the answers to these questions so I can proceed with the necessary changes.","1. The Django admin view that lacks transaction handling is the changelist_view.

2. Yes, the concern is that the view may change data in the database without proper transaction management, which could lead to unexpected states if an error occurs during the processing.

3. I don't have that information.

4. I don't have that information.

5. I believe we should use Django's built-in transaction management tools, as the changelist view should be wrapped in a transaction to ensure data integrity.","There is a concern regarding the lack of transaction handling in a specific Django admin view, which could lead to inconsistent database states if errors occur during data modification."
mwaskom__seaborn-3069,0.8973046617808255,0.10269533821917454,"Sure, let's start by gathering the necessary details to address the issue. Here are my questions:

1. Could you please specify which files in the repository are responsible for handling categorical and nominal scales in seaborn's plots?
2. Are there any specific functions or classes that need to be modified to ensure that nominal scales behave similarly to categorical scales?
3. Could you provide a brief description of the current behavior of categorical scales and how you would like nominal scales to behave?
4. Are there any specific challenges or considerations you have identified in implementing this change, particularly with margin settings and grid handling?
5. Do you have a script or example that reproduces the current behavior of categorical scales and can be used to verify the changes once implemented?

Please provide answers to these questions so I can proceed with the necessary modifications.","1. The relevant file for handling categorical and nominal scales is `seaborn/_core/plot.py`.

2. The functions or classes that likely need modification are within the plotting capabilities in Seaborn, particularly in the plotter methods that deal with finalizing figures.

3. Categorical scales currently extend +/- 0.5 from the first and last ticks, do not show a grid even when it would normally be present, and if on the y-axis, the axis is inverted. I would like nominal scales to adopt the same behaviors as categorical scales.

4. A specific challenge is ensuring that the scale margins are set correctly, possibly using sticky edges, and addressing how grids are controlled, especially if a user wants to force a grid despite the nominal scale's default behavior.

5. I don't have that information.","The issue discusses the need for nominal scales in seaborn's categorical plots to behave similarly to categorical scales. Currently, categorical axes have specific behaviors such as unique margin logic, grid visibility, and axis inversion when on the y-axis. The suggestion is to apply these behaviors to nominal scales as well, but there are challenges in implementation, particularly with margin settings and grid handling."
pylint-dev__pylint-6903,0.9506001338989961,0.049399866101003886,"Sure, let's start by gathering the necessary details to address the issue.

1. Could you please specify the exact function in the repository that calculates the number of CPUs available? This will help me locate the relevant code.
2. Are there any specific conditions under which the function returns zero, leading to the crash? Understanding these conditions will help in crafting a robust fix.
3. Could you provide a minimal example or a script that reproduces the error when running pylint with the `--jobs=0` option in a Kubernetes environment? This will allow me to confirm the issue and test the fix.

Please provide the answers to these questions so we can proceed.","1. The exact function in the repository that calculates the number of CPUs available is `pylint.run._query_cpu()`.

2. The function returns zero mainly when it tries to calculate the number of CPUs based on the cgroup settings, which in certain Kubernetes configurations can lead to `cpu.shares` being very low (e.g., `2`), and thus the calculation results in `0` after casting to an integer.

3. I don't have that information.","There is an issue with running pylint in a Kubernetes environment using the `--jobs=0` option, which leads to a crash. The problem arises from a function that calculates the number of CPUs available, returning zero in certain conditions, causing a failure in the multiprocessing setup. The expected behavior is for pylint to handle this scenario without crashing, possibly by ensuring the calculated CPU count is never zero."
pytest-dev__pytest-7490,0.859794923385981,0.14020507661401904,"Sure, let's start by gathering the necessary details to address the issue. Here are my questions:

1. Can you provide the specific code snippet or function in the pytest codebase where the dynamic addition of xfail markers is handled?
2. Are there any specific files or modules that you suspect might be involved in this behavior change?
3. Can you describe the expected behavior in pytest 5.x and the observed behavior in pytest 6.0.0rc0 in more detail?
4. Are there any configuration files or settings that might be relevant to this issue?
5. Do you have a minimal example or test case that demonstrates the issue?

Please provide the answers to these questions so I can proceed with the necessary changes.","1. I don't have that information.

2. I suspect that the file involved might be `src/_pytest/skipping.py`, as that contains logic around skipping and xfail markers.

3. In pytest 5.x, dynamically adding an xfail marker using `request.node.add_marker(mark)` would treat the failing test as if it was marked statically with `xfail`, and it would not count as a failure. In pytest 6.0.0rc0, the same code raises an assertion error instead of being marked as xfailed.

4. I don't have that information.

5. Yes, here is the minimal example that demonstrates the issue:

```python
# file: test_foo.py
import pytest

def test_xfail_test(request):
    mark = pytest.mark.xfail(reason=""xfail"")
    request.node.add_marker(mark)
    assert 0
```

When run, this test should be marked as xfailed in pytest 5.x but fails in pytest 6.0.0rc0.","In the transition from pytest version 5.x to 6.0.0rc0, a change in behavior was observed regarding the dynamic addition of xfail markers to tests. Previously, dynamically adding an xfail marker would cause the test to be treated as expected to fail, similar to a statically marked xfail test. However, in the newer version, this approach results in the test failing outright, rather than being marked as an expected failure."
scikit-learn__scikit-learn-14141,0.8162913663986384,0.18370863360136158,"Sure, let's start by gathering the necessary details to implement the changes as specified in the PR description.

1. **Version Threshold**: What is the specific version threshold that should trigger the inclusion of the dependency in the version display or issue template?
2. **Dependency**: What is the specific dependency that should be included when the version threshold is exceeded?
3. **Files to Modify**: Which files in the repository should be modified to include this dependency? Are there specific files for version display and issue templates?
4. **Format**: How should the dependency be included in the version display or issue template? Should it be added as a comment, a separate section, or integrated into an existing section?

Please provide answers to these questions so I can proceed with the necessary changes.","1. The specific version threshold is when the sklearn version is greater than 0.20.
2. The specific dependency to include is joblib.
3. The files to modify are `sklearn/utils/_show_versions.py` for the version display, and the issue template where necessary.
4. The dependency should be integrated into the existing section of the version display, listing joblib among other dependencies.",There is a need to update the version display or issue template to include a specific dependency when a certain version threshold is exceeded.
scikit-learn__scikit-learn-14983,0.8935576675749972,0.10644233242500278,"Sure, let's start by gathering the necessary details to address the issue.

Could you please provide the following information:
1. The current implementation of the `__repr__` method for both `RepeatedKFold` and `RepeatedStratifiedKFold` classes.
2. The expected string representation you want for these classes.
3. Any specific parameters or attributes of these classes that should be included in the string representation.

This information will help me make the necessary changes accurately.","1. The current implementation of the `__repr__` method for both `RepeatedKFold` and `RepeatedStratifiedKFold` classes does not exist, which is why calling `repr()` on them gives a generic object representation.

2. The expected string representation for `RepeatedKFold` is:
   ```python
   RepeatedKFold(n_splits=5, n_repeats=10, random_state=None)
   ```
   And for `RepeatedStratifiedKFold` is:
   ```python
   RepeatedStratifiedKFold(n_splits=5, n_repeats=10, random_state=None)
   ```

3. Specific parameters that should be included in the string representation are `n_splits`, `n_repeats`, and `random_state`. These are important for understanding the configuration of the cross-validation strategy.","The issue involves the `__repr__` method for two classes, `RepeatedKFold` and `RepeatedStratifiedKFold`, which are not displaying the expected string representation. Instead of showing a detailed description of the object's parameters, the current output is a generic object reference. This discrepancy affects the ability to easily understand the configuration of these objects when printed or logged."
scikit-learn__scikit-learn-15100,0.8851350289043474,0.11486497109565263,"Sure, let's start by gathering the necessary details to address the issue with the `strip_accents_unicode` function in the `CountVectorizer` tool.

Could you please provide the following information:
1. What specific Unicode normalization form is causing the issue?
2. Can you provide an example of a string that fails to have its accents removed correctly?
3. Are there any specific requirements or constraints for the solution that you are aware of?","1. The specific Unicode normalization form causing the issue is NFKD (Normalization Form KD).
2. An example of a string that fails to have its accents removed correctly is the string `s2`, which is constructed as `chr(110) + chr(771)`, representing ""n"" followed by a combining tilde. `strip_accents_unicode(s2)` returns `s2` unchanged.
3. I don't have that information.","There is an issue with the `strip_accents_unicode` function in the `CountVectorizer` tool, where it fails to remove accents from strings that are already in a specific normalized form. This results in inconsistent behavior when processing visually identical strings that are represented differently in terms of their Unicode composition."
sphinx-doc__sphinx-10449,0.8731082287466414,0.1268917712533586,"Sure, let's start by gathering the necessary details to address the issue. Could you please provide the following information:

1. What is the specific configuration setting in Sphinx that causes the unexpected behavior?
2. What is the exact unexpected behavior you are observing? (e.g., what does the generated HTML look like?)
3. Are there any specific classes or methods that are affected by this issue?","1. The specific configuration setting in Sphinx that causes the unexpected behavior is `autodoc_typehints = ""description""`.

2. The exact unexpected behavior I am observing is that the generated HTML includes a return type for the class when using `autoclass`. For example, it's showing a return type in the documentation for the `Square` class, which I did not expect.

3. The issue specifically affects the `Square` class that I provided in the example, although it may affect other classes with similar type hints as well.","The issue involves a configuration setting in Sphinx documentation that causes an unexpected behavior when generating class documentation. Specifically, using a certain option results in the inclusion of a return type for a class, which is not the intended outcome. The problem is observed when building the documentation and viewing the generated HTML output."
sphinx-doc__sphinx-10466,0.8308399505883742,0.16916004941162577,"Sure, let's start by gathering the necessary details to address the issue. Here are my questions:

1. Which specific build command should I use to reproduce the issue?
2. In which Python file is the method that needs to be modified located?
3. Can you provide an example of the output file with duplicated entries so I can identify the exact location of the issue?
4. Are there any specific sections or functions within the identified file that you suspect might be causing the duplication?

Please provide the answers to these questions so I can proceed with the necessary changes.","1. You can reproduce the issue by running the command `make clean; make gettext` in the Blender documentation source directory.

2. The method that needs to be modified is located in the file `sphinx/builders/gettext.py` within the `__init__` method.

3. An example of the output file with duplicated entries is the `build/gettext/blender_manual.pot`, where you may find repeated locations such as:
   ```
   #: ../../manual/modeling/hair.rst:0
   #: ../../manual/modeling/hair.rst:0
   #: ../../manual/modeling/hair.rst:0
   ```

4. The specific sections to look at include the `__init__` method and the `__iter__` method within `gettext.py`, as they seem to be involved in how locations are processed for duplication.","There is an issue with the duplication of location entries in a generated file when running a specific build command. This problem seems to originate from a method in a particular Python file, where the list of locations is not being filtered for uniqueness. A simple solution involving the use of a set to remove duplicates has been proposed, but it may need to be applied in multiple places within the codebase. The issue can be reproduced by following certain documentation contribution instructions and examining the output file for repeated entries."
sphinx-doc__sphinx-7454,0.9115963074771232,0.08840369252287683,"Sure, let's start by gathering the necessary details to address the issue. Here are my questions:

1. Could you please specify the exact location of the `autodoc_typehints` setting in the Sphinx configuration files?
2. Can you provide an example of how the current behavior differs when `autodoc_typehints` is set to 'description' versus 'signature'?
3. Are there any specific files or modules in the repository that are particularly relevant to this issue?
4. Do you have any specific expectations or guidelines for how the `None` type hint should be handled in both 'description' and 'signature' modes?

Please provide answers to these questions so I can proceed with the necessary changes.","1. The `autodoc_typehints` setting is located in the `docs/conf.py` file of my Sphinx project.

2. When `autodoc_typehints` is set to 'description', the `None` type hint generates a clickable link to the Python documentation for `None`. In contrast, when it is set to 'signature', the `None` in the function's signature does not create a clickable link.

3. The relevant file in the repository for this issue is `sphinx/domains/python.py`, as it likely contains the handling logic for the type hints.

4. I expect that the `None` type hint should generate a clickable link to the documentation for the `None` singleton in both 'description' and 'signature' modes.","There is an inconsistency in how the `autodoc_typehints` setting in Sphinx handles `None` type hints. When set to 'description', `None` generates a link to its documentation, but when set to 'signature', it does not. The issue highlights a discrepancy in link generation for type hints, affecting the documentation output consistency."
sphinx-doc__sphinx-7910,0.7862143173299843,0.21378568267001574,"Sure, let's start by gathering the necessary details to address the issue. Here are my questions:

1. Could you provide the specific name of the decorated `__init__` method that is not appearing in the documentation?
2. What is the exact decorator being used on this `__init__` method?
3. Are there any specific settings or configurations in the Sphinx documentation tool that you believe are relevant to this issue?
4. Could you provide a minimal example of the class and its `__init__` method that demonstrates the problem?
5. Are there any specific error messages or logs that you are seeing that might indicate what is going wrong?

Please provide the answers to these questions so I can proceed with the necessary changes.","1. The specific name of the decorated `__init__` method is `DistributedTrainerReplicated.__init__`.

2. The exact decorator being used on this `__init__` method is `functools.wraps`.

3. Yes, I have the setting `napoleon_include_init_with_doc = True` in my Sphinx configuration, which is meant to include the `__init__` method in the documentation.

4. I don't have that information.

5. I don't have that information.","The issue involves a decorated `__init__` method not appearing in the documentation despite settings intended to include it. The problem arises from a change in the Sphinx documentation tool, where a decorated method's global context is altered, leading to incorrect assumptions about its ownership."
sphinx-doc__sphinx-8120,0.812587465999989,0.187412534000011,"Sure, let's start by gathering the necessary details to address the issue with custom translations in Sphinx.

Could you please provide the following information:
1. The specific translation file you are trying to add and its location within the project.
2. The configuration settings you have applied in your Sphinx project to include this custom translation file.
3. Any relevant parts of the documentation or code that you believe are related to this issue.
4. The expected behavior versus the actual behavior you are observing.

This information will help me understand the problem better and guide you through the necessary changes.","1. The specific translation file I am trying to add is `locale/da/LC_MESSAGES/sphinx.po`, and it is located in the same directory as the `Makefile`.

2. In my Sphinx project, I have set `language = 'da'` in `conf.py`, and I've also ensured that `gettext_auto_build = True` is enabled.

3. I believe the relevant part of the documentation is [this link](http://www.sphinx-doc.org/en/master/usage/configuration.html#confval-locale_dirs), which addresses how to use custom translation files with Sphinx. Additionally, the issue might relate to [this link](https://github.com/sphinx-doc/sphinx/issues/1242).

4. The expected behavior is that my custom translations for internal messages, such as changing `Fig. %s` to `Foobar %s`, are used in the generated HTML. However, the actual behavior is that the translations from the official Danish translation are used instead of my provided translations.","There is an issue with custom translations in Sphinx where adding a specific translation file does not override the default translations as expected. Despite following the documented procedure to include a custom translation file in the project directory, the changes are not reflected in the output. The problem persists even though the necessary configuration settings are applied, and the expected behavior is not achieved."
sphinx-doc__sphinx-9281,0.8653611775001276,0.13463882249987236,"Sure, let's start by gathering the necessary details to address the issue. Here are my questions:

1. Could you please provide the specific function or module in the repository where the rendering of Python Enum values in function signatures is handled?
2. What is the current output format of the Enum values in the function signatures, and what is the expected output format?
3. Are there any specific Enum classes or examples that I should be aware of to reproduce the issue?
4. Are there any configuration settings or options in Sphinx that might be relevant to this issue?

Please provide the answers to these questions so I can proceed with the necessary changes.","1. The rendering of Python Enum values in function signatures is handled in the `ugly_enum_func` function within the repository.

2. The current output format of the Enum values in the function signatures is: 
   `ugly_enum_func(e: ugly_enum.MyEnum = <MyEnum.ValueA: 10>) -> None`
   The expected output format is: 
   `ugly_enum_func(e: ugly_enum.MyEnum = MyEnum.ValueA) -> None`

3. The specific Enum class to be aware of is `MyEnum`, which contains values `ValueA` and `ValueB`. The issue arises when using `MyEnum.ValueA` as a default argument in the function signature.

4. I don't have that information.","The issue involves the rendering of Python Enum values in function signatures, where the expected output is a clean representation of the Enum, but the actual output includes additional details that make it appear cluttered. This affects the readability of the documentation generated using Sphinx."
sphinx-doc__sphinx-9320,0.9057669458631185,0.09423305413688154,"Sure, let's start by gathering the necessary details to address the issue.

1. Could you please provide the exact error message you are encountering when you press 'Enter' at the prompt?
2. In which specific file and function is the `sphinx-quickstart` tool implemented?
3. Are there any specific conditions or inputs that trigger this error? For example, does it happen only when a `conf.py` file exists in the directory, or are there other conditions?
4. Could you provide the screenshot or a description of the prompt where pressing 'Enter' results in the error?

Please provide the answers to these questions so I can proceed with the necessary changes.","1. The exact error message I encounter when I press 'Enter' is: *""Please enter a valid path name""*.

2. I believe the `sphinx-quickstart` tool is implemented in the `sphinx/cmd/quickstart.py` file.

3. This error specifically occurs when there is an existing `conf.py` file in the directory. It seems to be tied to that condition since when I run it in a directory without a `conf.py`, it allows me to exit when I press 'Enter'.

4. I cannot provide the screenshot directly here, but as mentioned earlier, when I press 'Enter' at the prompt *""Please enter a new root path name (or just Enter to exit)""*, I receive the error message about needing a valid path name.","The issue involves a problem with the `sphinx-quickstart` tool when it is run in a directory that already contains a `conf.py` file. The user encounters an error when attempting to exit the process by pressing 'Enter' at a prompt, which instead results in an error message requesting a valid path name. The expected behavior is for the tool to exit gracefully upon pressing 'Enter'. This issue occurs in a specific environment setup and has been documented with a screenshot for clarity."
sympy__sympy-17318,0.8925179479605876,0.10748205203941241,"Sure, let's start by gathering the necessary details to address the issue with the `sqrtdenest` function.

Could you please provide the following information:
1. The exact file path and name where the `sqrtdenest` function is defined.
2. A specific example of a complex expression that causes the `IndexError`.
3. Any additional context or details about the expected behavior of the `sqrtdenest` function when it cannot denest an expression.

This information will help me make the necessary changes to the repository.","1. The `sqrtdenest` function is defined in the file `sympy/simplify/sqrtdenest.py`.
   
2. A specific example of a complex expression that causes the `IndexError` is:
   ```python
   sqrtdenest((3 - sqrt(2)*sqrt(4 + 3*I) + 3*I)/2)
   ```

3. The expected behavior of the `sqrtdenest` function when it cannot denest an expression is that it should return the expression unchanged, rather than raising an error.","There is an issue with the `sqrtdenest` function in a codebase where it raises an `IndexError` when attempting to process certain complex expressions. The problem occurs when the function tries to denest an expression that cannot be simplified further, leading to an out-of-range error. The proposed solution ensures that if an expression cannot be denested, it is returned unchanged, preventing the error from occurring."
sympy__sympy-19637,0.7203974762999206,0.27960252370007943,"Sure, let's start by gathering the necessary details to address the issue. Could you please provide the following information:

1. The name of the function where the error occurs.
2. The specific variable that is being referenced before assignment.
3. The exact error message you are encountering.
4. Any relevant code snippets or context where the error happens.

This information will help me understand the issue better and make the necessary changes.","1. The function where the error occurs is related to `kernS`.
2. The specific variable being referenced before assignment is `kern`.
3. The exact error message I am encountering is: ""UnboundLocalError: local variable 'kern' referenced before assignment"".
4. The relevant code snippet is: 
   ```python
   from sympy.core.sympify import kernS
   text = ""(2*x)/(x-1)""
   expr = kernS(text)
   ```","There is an error occurring due to a variable being referenced before it has been assigned a value within a function. This issue arises when attempting to process a mathematical expression using a specific function from a library, leading to an unbound local variable error."
sympy__sympy-23262,0.8513008371027968,0.1486991628972032,"Sure, let's start by gathering the necessary details to address the issue.

1. Could you please provide the specific file and function within the SymPy repository that is responsible for the Python code printer?
2. Can you share the exact code snippet or example that demonstrates the issue with the single-element tuple formatting?
3. Are there any specific error messages or unexpected behaviors that occur when the issue arises?

Please provide the answers to these questions so I can proceed with the necessary changes.","1. The issue is related to the `lambdify` function in the `sympy/utilities/lambdify.py` file.

2. The code snippet demonstrating the issue is:
   ```python
   import inspect
   from sympy import lambdify

   inspect.getsource(lambdify([], tuple([1])))
   ```

3. The unexpected behavior is that SymPy 1.10 outputs:
   ```python
   'def _lambdifygenerated():\n    return (1)\n'
   ```
   instead of `(1,)`, which results in an integer being returned instead of a tuple when the output should always be a tuple.","There is an issue with the Python code printer in SymPy 1.10 where it does not correctly format a tuple with a single element, leading to a change in the return type from a tuple to an integer. This behavior differs from previous versions and affects code that relies on the return type being a tuple. The problem does not occur with tuples containing two or more elements."
sympy__sympy-24213,0.6643381723149586,0.3356618276850414,"Sure, let's start by gathering the necessary details to address the issue. Could you please provide the following information:

1. The specific function that is failing to recognize equivalent dimensions.
2. The exact error message you are encountering.
3. A minimal example of the input that causes the error.
4. Any additional context or details about the expected behavior.

This information will help me understand the problem better and make the necessary changes to the repository.","1. The specific function that is failing is `_collect_factor_and_dimension`.

2. The exact error message I am encountering is: 
   `ValueError: Dimension of ""v1"" is Dimension(velocity), but it should be Dimension(acceleration*time).`

3. A minimal example of the input that causes the error is:
```python
expr1 = a1*t1 + v1
SI._collect_factor_and_dimension(expr1)
```

4. The expected behavior is that `_collect_factor_and_dimension` should recognize that `v1` (which is a velocity) is equivalent to the product of acceleration and time, thus not raising an error.",The issue involves a function that fails to recognize equivalent dimensions when performing addition operations on quantities with different dimensions. This results in an error when the function expects a specific dimensional relationship that is not detected correctly.
